0050,元大台灣50,141.8,141.75
0051,元大中型100,59,58.85
0052,富邦科技,131.25,131.25
0053,元大電子,68.4,68.55
0054,元大台商50,30.67,30.6
0055,元大MSCI金融,23.76,23.76
0056,元大高股息,32.47,32.46
0057,富邦摩台,97.45,97.45
0061,元大寶滬深,22.45,22.42
006203,元大MSCI台灣,68.05,67.85
006204,永豐臺灣加權,88.5,88.55
006205,富邦上証,36.52,36.52
006206,元大上證50,35.09,35.08
006207,FH滬深,29.49,29.46
006208,富邦台50,79.9,79.9
00625K,富邦上証+R,--,8.4
00631L,元大台灣50正2,137.25,137.2
00632R,元大台灣50反1,5.31,5.31
00633L,富邦上証正2,53.4,53.4
00634R,富邦上証反1,4.01,4
00635U,期元大S&P黃金,23.62,23.62
00636,國泰中國A50,24.62,24.62
00636K,國泰中國A50+U,8.86,--
00637L,元大滬深300正2,21.22,21.22
00638R,元大滬深300反1,8.27,8.26
00639,富邦深100,16.57,16.57
00640L,富邦日本正2,28.13,28.1
00641R,富邦日本反1,10.4,10.39
00642U,期元大S&P石油,11.7,11.7
00643,群益深証中小,18.9,18.86
00643K,群益深証中小+R,--,4.33
00645,富邦日本,25.51,25.5
00646,元大S&P500,38.78,38.77
00647L,元大S&P500正2,72.35,72.35
00648R,元大S&P500反1,6.68,6.67
00650L,FH香港正2,20.79,20.78
00651R,FH香港反1,7.93,7.93
00652,富邦印度,28.7,28.7
00653L,富邦印度正2,44.47,44.45
00654R,富邦印度反1,8.33,8.32
00655L,國泰中國A50正2,40.28,40.28
00656R,國泰中國A50反1,7.56,7.54
00657,國泰日經225,33.57,33.48
00657K,國泰日經225+U,12.11,12.05
00660,元大歐洲50,29.4,29.4
00661,元大日經225,34.88,34.83
00662,富邦NASDAQ,57.15,57.1
00663L,國泰臺灣加權正2,124.15,124.15
00664R,國泰臺灣加權反1,6.01,6.01
00665L,富邦琤肭磪囓2,15.1,15.1
00666R,富邦琤肭磪齯1,13.16,13.06
00668,國泰美國道瓊,34.65,34.64
00668K,國泰美國道瓊+U,12.48,12.43
00669R,國泰美國道瓊反1,7.96,7.96
00670L,富邦NASDAQ正2,121.2,121.15
00671R,富邦NASDAQ反1,5,5
00673R,期元大S&P原油反1,15.37,15.36
00674R,期元大S&P黃金反1,13.24,13.23
00675L,富邦臺灣加權正2,53.5,53.4
00676R,富邦臺灣加權反1,3.29,3.28
00678,群益NBI生技,26.59,26.59
00680L,元大美債20正2,26.5,26.47
00681R,元大美債20反1,12.8,12.79
00682U,期元大美元指數,18.91,18.91
00683L,期元大美元指正2,18.54,18.53
00684R,期元大美元指反1,--,17.84
00685L,群益臺灣加權正2,46.73,46.89
00686R,群益臺灣加權反1,3.58,3.57
00688L,國泰20年美債正2,26.5,26.4
00689R,國泰20年美債反1,13.43,13.42
00690,兆豐藍籌30,33.3,33.26
00692,富邦公司治理,35.08,35.08
00693U,期街口S&P黃豆,19.5,19.49
00700,富邦琤肭磪,15.22,15.18
00701,國泰股利精選30,26.19,26.19
00702,國泰標普低波高息,19.15,19.12
00703,台新MSCI中國,19.69,19.67
00706L,期元大S&P日圓正2,14.89,14.85
00707R,期元大S&P日圓反1,--,20.2
00708L,期元大S&P黃金正2,25.32,25.3
00709,富邦歐洲,23.02,23.03
00710B,FH彭博高收益債,17.84,17.83
00711B,FH彭博新興債,20.12,20.12
00712,FH富時不動產,13.4,13.4
00713,元大台灣高息低波,41.92,41.9
00714,群益道瓊美國地產,21.78,21.77
00715L,期街口布蘭特正2,8.15,8.15
00717,富邦美國特別股,16.46,16.45
00728,第一金工業30,30.05,30.04
00730,富邦臺灣優質高息,19.35,19.34
00731,FH富時高息低波,57.6,57.55
00732,國泰RMB短期報酬,40.13,39.99
00733,富邦臺灣中小,40.75,40.73
00735,國泰臺韓科技,32.75,32.65
00736,國泰新興市場,21.93,21.93
00737,國泰AI+Robo,32.83,32.84
00738U,期元大道瓊白銀,22.78,22.77
00739,元大MSCI A股,27.97,27.93
00742,新光內需收益,23.12,23.18
00743,國泰中國A150,29.46,29.42
00752,中信中國50,22.65,22.65
00753L,中信中國50正2,23.2,23.18
00757,統一FANG+,51.7,51.65
00762,元大全球AI,44.31,44.3
00763U,期街口道瓊銅,27.52,27.52
00770,國泰北美科技,39.3,39.26
00771,元大US高息特別股,18.67,18.67
00774B,新光中國政金綠債,40.15,39.9
00774C,新光中政金綠債+R,--,9.2
00775B,新光投等債15+,42.25,42.12
00783,富邦中証500,24.31,24.29
008201,BP上證50,--,115.9
00830,國泰費城半導體,33.75,33.75
00850,元大臺灣ESG永續,34.94,34.94
00851,台新全球AI,35.65,35.68
00852L,國泰美國道瓊正2,20.46,20.45
00861,元大全球未來通訊,30.48,30.48
00865B,國泰US短期公債,--,36.18
00875,國泰網路資安,30.03,30.03
00876,元大未來關鍵科技,32.36,32.36
00878,國泰永續高股息,18.55,18.55
00881,國泰台灣5G+,18.35,18.34
00882,中信中國高股息,13.77,13.77
00885,富邦越南,17.79,17.79
00891,中信關鍵半導體,16.96,16.96
00892,富邦台灣半導體,16.72,16.71
00893,國泰智能電動車,17.7,17.7
00894,中信小資高價30,15.75,15.75
00895,富邦未來車,18.52,18.51
00896,中信綠能及電動車,15,15
00897,富邦基因免疫生技,13.52,13.51
00898,國泰基因免疫革命,9.53,9.53
01001T,土銀富邦R1,17.73,17.73
01002T,土銀國泰R1,18.01,18
01003T,兆豐新光R1,19.92,19.73
01004T,土銀富邦R2,15.71,15.65
01007T,兆豐國泰R2,19.78,19.68
01009T,王道圓滿R1,9.1,9.08
01010T,京城樂富R1,10.29,10.27
020000,富邦特選蘋果N,7.01,7.02
020002,元富新中國N,--,15.67
020004,兆豐電菁英30N,--,33.31
020006,永昌中小300N,--,34.77
020007,凱基臺灣500N,--,35.01
020008,元大特股高息N,12.74,12.73
020011,統一微波高息20N,--,6.81
020012,富邦行動通訊N,6.46,6.44
020015,統一MSCI美低波N,--,15.1
020016,統一MSCI美科技N,21.4,21.39
020018,統一價值成長30N,18.53,18.53
020019,統一特選台灣5GN,15.25,15.23
02001L,富邦蘋果正二N,10.42,10.45
02001R,富邦蘋果反一N,3.05,3.04
020020,元大台股領航N,7.49,7.49
020022,元大電動車N,5.42,5.41
020028,元大特選電動車N,5.23,5.22
020029,元大ESG高股息N,5.37,5.36
020030,統一智慧電動車N,5.1,5.09
1101,台泥,46.3,46.3
1101B,台泥乙特,--,51.8
1102,亞泥,42.4,42.35
1103,嘉泥,20.35,20.3
1104,環泥,21.3,21.3
1108,幸福,11.45,11.45
1109,信大,19.9,19.9
1110,東泥,19.65,19.6
1201,味全,22.1,22.1
1203,味王,33,32.9
1210,大成,52,52
1213,大飲,8.32,8.11
1215,卜蜂,80.1,80
1216,統一,67.7,67.7
1217,愛之味,10.25,10.25
1218,泰山,26.9,26.9
1219,福壽,20.35,20.35
1220,台榮,15.2,15.2
1225,福懋油,50.3,50.3
1227,佳格,51.1,51.1
1229,聯華,57.2,57.1
1231,聯華食,68.3,68.3
1232,大統益,161.5,161.5
1233,天仁,34.1,33.85
1234,黑松,35.2,35.1
1235,興泰,44.15,43.55
1236,宏亞,21.05,21
1256,鮮活果汁-KY,339,338
1301,台塑,103.5,103.5
1303,南亞,83.8,83.6
1304,台聚,31.35,31.3
1305,華夏,33.75,33.75
1307,三芳,20.5,20.5
1308,亞聚,37.3,37.3
1309,台達化,33.65,33.6
1310,台苯,17.3,17.3
1312,國喬,28.4,28.4
1312A,國喬特,35,34.95
1313,聯成,21,21
1314,中石化,12.55,12.55
1315,達新,66.7,66
1316,上曜,20.8,20.8
1319,東陽,33,33
1321,大洋,34.75,34.7
1323,永裕,35,34.9
1324,地球,10.9,10.85
1325,恆大,48.55,48.55
1326,台化,79.7,79.5
1337,再生-KY,7.08,7.08
1338,廣華-KY,51,51
1339,昭輝,34.1,34.05
1340,勝悅-KY,11.25,11.2
1341,富林-KY,67,66.7
1342,八貫,55.9,55.8
1402,遠東新,28.3,28.25
1409,新纖,19.6,19.6
1410,南染,37.15,36.9
1413,宏洲,10,10
1414,東和,17.6,17.6
1416,廣豐,11,11
1417,嘉裕,14.05,14.05
1418,東華,11,10.6
1419,新紡,43.85,43.7
1423,利華,19.7,19.65
1432,大魯閣,12.8,12.75
1434,福懋,28.9,28.85
1435,中福,27.75,27.7
1436,華友聯,53.5,53.4
1437,勤益控,25.4,25.3
1438,三地開發,29.95,29.9
1439,中和,23.95,23.95
1440,南紡,22.75,22.75
1441,大東,9.29,9.25
1442,名軒,23.45,23.4
1443,立益,16.8,16.55
1444,力麗,10.95,10.9
1445,大宇,15.6,15.6
1446,宏和,33.55,33.5
1447,力鵬,10,9.99
1449,佳和,15.1,15.05
1451,年興,20.35,20.3
1452,宏益,23,23
1453,大將,8.77,8.73
1454,台富,11.1,11
1455,集盛,16.1,16.05
1456,怡華,20.8,20.8
1457,宜進,17.8,17.8
1459,聯發,13.05,13.05
1460,宏遠,9.4,9.39
1463,強盛,14.9,14.8
1464,得力,15.3,15.25
1465,偉全,12.2,12.15
1466,聚隆,15.1,15.1
1467,南緯,13.8,13.8
1468,昶和,13.3,13.05
1470,大統新創,18.05,18
1471,首利,7.45,7.41
1472,三洋實業,33.3,33.1
1473,台南,17.9,17.7
1474,弘裕,14.9,14.9
1475,業旺,47.8,47.5
1476,儒鴻,581,581
1477,聚陽,239,238.5
1503,士電,53.1,53
1504,東元,30.3,30.3
1506,正道,12.8,12.8
1507,永大,64.5,64.4
1512,瑞利,3.7,3.7
1513,中興電,44.8,44.8
1514,亞力,23.35,23.35
1515,力山,62.8,62.8
1516,川飛,24,23.7
1517,利奇,26.6,26.6
1519,華城,35,35
1521,大億,41.6,41.4
1522,堤維西,19,19
1522A,堤維西甲特,43.9,43.85
1524,耿鼎,10.05,10.05
1525,江申,58.5,58.5
1526,日馳,48.35,48.3
1527,鑽全,41.8,41.75
1528,恩德,10.8,10.8
1529,樂士,19.6,19.55
1530,亞崴,33,32.7
1531,高林股,15.25,15.25
1532,勤美,32.3,32.25
1533,車王電,56.1,56
1535,中宇,39.3,39.35
1536,和大,90.9,90.9
1537,廣隆,138,138
1538,正峰,10.8,10.45
1539,巨庭,20.1,20.05
1540,喬福,14.75,14.7
1541,錩泰,43.2,42.6
1558,伸興,143,143
1560,中砂,88.7,88.7
1568,倉佑,20.85,20.85
1582,信錦,68.5,68.4
1583,程泰,61.5,61.6
1587,吉茂,25.15,25.15
1589,永冠-KY,61,60.6
1590,亞德客-KY,840,840
1597,直得,86.8,86.5
1598,岱宇,59.2,59.2
1603,華電,26.45,26.45
1604,聲寶,29.4,29.35
1605,華新,26.05,26
1608,華榮,21.3,21.3
1609,大亞,24.15,24.15
1611,中電,16.55,16.5
1612,宏泰,24.95,24.95
1614,三洋電,36,36.1
1615,大山,32,32
1616,億泰,11.65,11.65
1617,榮星,17.9,17.9
1618,合機,14.2,14.15
1626,艾美特-KY,19.25,19.2
1701,中化,22.6,22.55
1702,南僑,48.8,48.8
1707,葡萄王,161,161
1708,東鹼,35.55,35.55
1709,和益,22.6,22.6
1710,東聯,22.1,22.1
1711,永光,25.95,25.95
1712,興農,27.8,27.8
1713,國化,23.9,23.9
1714,和桐,11.6,11.55
1717,長興,36.15,36.1
1718,中纖,9.99,9.99
1720,生達,39.8,39.65
1721,三晃,29.1,29.1
1722,台肥,67.8,67.8
1723,中碳,113,113
1725,元禎,35.85,35.85
1726,永記,73.5,73
1727,中華化,52,51.8
1730,花仙子,63.6,63.6
1731,美吾華,18.95,18.9
1732,毛寶,33,32.95
1733,五鼎,23.85,23.85
1734,杏輝,28.7,28.7
1735,日勝化,18.05,18.05
1736,喬山,57.8,57.8
1737,臺鹽,33.2,33.2
1760,寶齡富錦,70.2,70.2
1762,中化生,65.9,65.4
1773,勝一,137.5,137.5
1776,展宇,21.3,21.3
1783,和康生,58,58
1786,科妍,50.2,49.55
1789,神隆,23.95,23.9
1795,美時,102,102
1802,台玻,26.35,26.35
1805,寶徠,13.75,13.55
1806,冠軍,11.25,11.2
1808,潤隆,59.1,59
1809,中釉,13.85,13.85
1810,和成,16,16
1817,凱撒衛,36.5,36.5
1903,士紙,65.9,65.9
1904,正隆,33.8,33.8
1905,華紙,23.5,23.5
1906,寶隆,19.9,19.9
1907,永豐餘,34.4,34.35
1909,榮成,24.55,24.5
2002,中鋼,33.9,33.85
2002A,中鋼特,52.2,52
2007,燁興,20.8,20.8
2008,高興昌,19.5,19.4
2009,第一銅,42.9,42.85
2010,春源,22,22
2012,春雨,29.95,29.95
2013,中鋼構,54.3,54.3
2014,中鴻,36.2,36.15
2015,豐興,78.7,78.7
2017,官田鋼,19.9,19.9
2020,美亞,31.95,31.95
2022,聚亨,13.7,13.7
2023,燁輝,24,23.9
2024,志聯,19.95,19.95
2025,千興,5.3,5.3
2027,大成鋼,46.3,46.25
2028,威致,41.05,41.05
2029,盛餘,32.3,32.3
2030,彰源,30.55,30.55
2031,新光鋼,57.3,57.3
2032,新鋼,23.25,23.2
2033,佳大,17.25,17.15
2034,允強,31.6,31.55
2038,海光,34.6,34.6
2049,上銀,285,285
2059,川湖,470,470
2062,橋椿,27.1,27.1
2069,運錩,35.1,35.1
2101,南港,38.5,38.25
2102,泰豐,27.4,27.35
2103,台橡,32.7,32.7
2104,國際中橡,25.4,25.4
2105,正新,34.1,34.05
2106,建大,29.7,29.65
2107,厚生,22.65,22.6
2108,南帝,85.2,85.2
2109,華豐,16.45,16.35
2114,鑫永銓,118,117.5
2115,六暉-KY,39.35,39.3
2201,裕隆,41.3,41.25
2204,中華,65,65
2206,三陽工業,26.15,26.15
2207,和泰車,624,620
2208,台船,21.85,21.85
2211,長榮鋼,52.7,52.7
2227,裕日車,247,247
2228,劍麟,67,67
2231,為升,179,178.5
2233,宇隆,94.8,94.8
2236,百達-KY,26.4,26.4
2239,英利-KY,81.2,81.2
2241,艾姆勒,51.3,51.2
2243,宏旭-KY,18.25,18.25
2247,汎德永業,209.5,209.5
2250,IKKA-KY,106.5,106.5
2301,光寶科,60.5,60.5
2302,麗正,17.05,17.05
2303,聯電,66.7,66.7
2305,全友,8.81,8.81
2308,台達電,261.5,261
2312,金寶,13.05,13.05
2313,華通,40.55,40.55
2314,台揚,77,77
2316,楠梓電,29.2,29.05
2317,鴻海,105,105
2321,東訊,--,6.15
2323,中環,8.94,8.93
2324,仁寶,23.35,23.35
2327,國巨,465,464.5
2328,廣宇,37.85,37.85
2329,華泰,25.55,25.55
2330,台積電,615,614
2331,精英,23.35,23.35
2332,友訊,18.1,18.1
2337,旺宏,42.55,42.55
2338,光罩,99.6,99.6
2340,光磊,58.9,58.8
2342,茂矽,48.4,48.35
2344,華邦電,31.75,31.75
2345,智邦,284,284
2347,聯強,59.5,59.4
2348,海悅,103,103
2348A,海悅甲特,37.7,37.65
2349,錸德,9.15,9.15
2351,順德,155,155
2352,佳世達,29.25,29.25
2353,宏,28.1,28.1
2354,鴻準,64.3,64.2
2355,敬鵬,36.25,36.25
2356,英業達,25.55,25.5
2357,華碩,363.5,363.5
2358,廷鑫,21.4,21.35
2359,所羅門,17.25,17.2
2360,致茂,181,180.5
2362,藍天,31.3,31.3
2363,矽統,26.05,26.05
2364,倫飛,20.45,20.1
2365,昆盈,10.85,10.8
2367,燿華,18.35,18.35
2368,金像電,73.4,73.4
2369,菱生,26.95,26.9
2371,大同,34,33.95
2373,震旦行,89.6,89.6
2374,佳能,23.05,23.05
2375,凱美,113,113
2376,技嘉,136.5,136.5
2377,微星,161,161
2379,瑞昱,554,553
2380,虹光,13.2,13.2
2382,廣達,87.9,87.9
2383,台光電,269,268.5
2385,群光,80.9,80.8
2387,精元,45.9,45.85
2388,威盛,87.6,87.6
2390,云辰,21.1,21.1
2392,正崴,38,38
2393,億光,51,50.9
2395,研華,379.5,379.5
2397,友通,58.2,57.9
2399,映泰,23.2,23.2
2401,凌陽,40.3,40.25
2402,毅嘉,16.45,16.45
2404,漢唐,179,178.5
2405,浩鑫,13,12.95
2406,國碩,24.75,24.7
2408,南亞科,79.8,79.7
2409,友達,20.5,20.5
2412,中華電,114,113.5
2413,環科,22.3,22.3
2414,精技,38.95,38.95
2415,錩新,46.8,46.8
2417,圓剛,24.7,24.7
2419,仲琦,24.4,24.4
2420,新巨,45.9,45.9
2421,建準,41.8,41.8
2423,固緯,28.15,28.15
2424,隴華,21.6,21.15
2425,承啟,27.3,27.3
2426,鼎元,27.65,27.65
2427,三商電,11.05,11
2428,興勤,150,150
2429,銘旺科,25,24.95
2430,燦坤,40.3,40.25
2431,聯昌,12.9,12.9
2433,互盛電,51.4,51.1
2434,統懋,39.5,40.4
2436,偉詮電,96,96
2438,翔耀,13.95,13.95
2439,美律,96,95.9
2440,太空梭,16.35,16.3
2441,超豐,78.2,78.1
2442,新美齊,11.25,11.25
2443,億麗,2.97,2.97
2444,兆勁,11.85,11.85
2449,京元電子,43.7,43.7
2450,神腦,33.1,32.95
2451,創見,69.8,69.8
2453,凌群,26.4,26.4
2454,聯發科,"1,080.00","1,075.00"
2455,全新,144.5,144
2456,奇力新,91.4,91.4
2457,飛宏,35.65,35.65
2458,義隆,161,161
2459,敦吉,58.8,58.8
2460,建通,26.75,26.75
2461,光群雷,22.7,22.7
2462,良得電,27.75,27.75
2464,盟立,41.95,41.95
2465,麗臺,74.4,74.4
2466,冠西電,36.2,36.05
2467,志聖,50.7,50.6
2468,華經,13.1,13.05
2471,資通,25.05,25.05
2472,立隆電,68.6,68.6
2474,可成,149,149
2476,鉅祥,60.7,60.7
2477,美隆電,31.1,31.1
2478,大毅,66.3,66.3
2480,敦陽科,72,71.9
2481,強茂,107,107
2482,連宇,14.2,14.2
2483,百容,23.75,23.7
2484,希華,40.25,40.25
2485,兆赫,20.8,20.75
2486,一詮,53.6,53.5
2488,漢平,27.05,27.05
2489,瑞軒,18,18
2491,吉祥全,21.5,21.5
2492,華新科,171,171
2493,揚博,37.6,37.6
2495,普安,15,14.95
2496,卓越,49.4,49.35
2497,怡利電,65.8,65.7
2498,宏達電,80.2,80.2
2501,國建,19.5,19.5
2504,國產,26.7,26.65
2505,國揚,23.75,23.7
2506,太設,9.76,9.73
2509,全坤建,18.25,18.2
2511,太子,13.05,13.05
2514,龍邦,17.95,17.9
2515,中工,8.75,8.75
2516,新建,6.03,6.02
2520,冠德,38.6,38.55
2524,京城,42.25,42.2
2527,宏璟,32.45,32.35
2528,皇普,21.5,21.5
2530,華建,14.6,14.55
2534,宏盛,22.6,22.5
2535,達欣工,32.3,32.25
2536,宏普,22.45,22.45
2537,聯上發,10.45,10.4
2538,基泰,14.25,14.25
2539,櫻花建,31.15,31.1
2540,愛山林,74.8,74.3
2542,興富發,46.3,46.25
2543,皇昌,7.66,7.53
2545,皇翔,37,37
2546,根基,49.7,49.7
2547,日勝生,10.05,10
2548,華固,91.7,91.7
2597,潤弘,120.5,120.5
2601,益航,13.4,13.4
2603,長榮,133,133
2605,新興,29.4,29.4
2606,裕民,56.4,56.4
2607,榮運,29.7,29.7
2608,嘉里大榮,44.85,44.85
2609,陽明,122,122
2610,華航,26.1,26.1
2611,志信,20.3,20.3
2612,中航,58.5,58.5
2613,中櫃,26.7,26.65
2614,東森,32.4,32.4
2615,萬海,169.5,169.5
2616,山隆,36.1,36.1
2617,台航,38.05,38.05
2618,長榮航,25,25
2630,亞航,18.75,18.75
2633,台灣高鐵,29.9,29.75
2634,漢翔,29.05,29
2636,台驊投控,144,143.5
2637,慧洋-KY,74.9,74.9
2642,宅配通,74.6,74.5
2701,萬企,12.2,12.15
2702,華園,25.85,25.8
2704,國賓,31.1,31.1
2705,六福,17.55,17.55
2706,第一店,14.2,14.15
2707,晶華,146.5,146.5
2712,遠雄來,37.45,36.7
2722,夏都,30.65,30.5
2723,美食-KY,118,117
2727,王品,135,135
2731,雄獅,83.8,83.8
2739,寒舍,22.6,22.6
2748,雲品,40.3,40.3
2753,八方雲集,126.5,125.5
2801,彰銀,16.55,16.55
2809,京城銀,40.55,40.5
2812,台中銀,11.95,11.95
2816,旺旺保,19.4,19.4
2820,華票,17.35,17.3
2823,中壽,30.5,30.45
2832,台產,20.1,20.05
2834,臺企銀,9.62,9.62
2836,高雄銀,11.6,11.55
2836A,高雄銀甲特,24.1,24.1
2838,聯邦銀,12.25,12.25
2838A,聯邦銀甲特,52.8,52.6
2841,台開,4.35,4.35
2845,遠東銀,10.45,10.45
2849,安泰銀,16.6,16.6
2850,新產,47.4,47.4
2851,中再保,28.5,28.45
2852,第一保,14.45,14.4
2855,統一證,22.9,22.9
2867,三商壽,9.24,9.22
2880,華南金,20.55,20.55
2881,富邦金,73.7,73.6
2881A,富邦特,63.1,63
2881B,富邦金乙特,--,62.6
2881C,富邦金丙特,60,60
2882,國泰金,59.5,59.5
2882A,國泰特,62.8,62.8
2882B,國泰金乙特,62.8,62.5
2883,開發金,16.15,16.1
2884,玉山金,27.7,27.6
2885,元大金,24.55,24.5
2886,兆豐金,34.25,34.2
2887,台新金,18.6,18.55
2887E,台新戊特,53,53
2887F,台新戊特二,51.9,51.8
2888,新光金,10.45,10.45
2888A,新光金甲特,42.3,42.2
2888B,新光金乙特,42.4,42.3
2889,國票金,15.9,15.85
2890,永豐金,15.15,15.1
2891,中信金,25,24.95
2891B,中信金乙特,63.3,62.6
2891C,中信金丙特,--,61.1
2892,第一金,23.7,23.65
2897,王道銀行,7.77,7.77
2897A,王道銀甲特,10.1,10.1
2901,欣欣,25,24.95
2903,遠百,21.3,21.3
2904,匯僑,25.25,25.25
2905,三商,22.95,22.95
2906,高林,15.4,15.35
2908,特力,21.4,21.4
2910,統領,34.6,34.55
2911,麗嬰房,8.11,8.11
2912,統一超,277.5,277
2913,農林,19.15,19.15
2915,潤泰全,97.1,97.1
2923,鼎固-KY,27.05,26.8
2929,淘帝-KY,11.65,11.65
2936,客思達-KY,26.15,26
2939,凱羿-KY,27.7,27.5
2945,三商家購,76.3,76.3
3002,歐格,11.9,11.85
3003,健和興,92,92
3004,豐達科,57.8,57.8
3005,神基,53.9,53.9
3006,晶豪科,167,167
3008,大立光,"2,015.00","2,015.00"
3010,華立,89.4,89.4
3011,今皓,11.15,11.1
3013,晟銘電,13.35,13.35
3014,聯陽,104,104
3015,全漢,43.6,43.5
3016,嘉晶,148,147.5
3017,奇鋐,86,86
3018,同開,16.2,16.2
3019,亞光,97,97
3021,鴻名,23.9,23.9
3022,威強電,44.95,44.9
3023,信邦,252,252
3024,憶聲,13.45,13.4
3025,星通,22.7,22.7
3026,禾伸堂,120.5,120.5
3027,盛達,22.95,22.95
3028,增你強,31.5,31.5
3029,零壹,44.05,44.05
3030,德律,57.4,57.4
3031,佰鴻,24.3,24.25
3032,偉訓,31.75,31.7
3033,威健,29.2,29.2
3034,聯詠,486,486
3035,智原,184.5,184
3036,文曄,65.1,65.1
3036A,文曄甲特,49,49
3037,欣興,213,213
3038,全台,18.7,18.7
3040,遠見,38.1,38.1
3041,揚智,33.55,33.55
3042,晶技,103.5,103.5
3043,科風,3.49,3.49
3044,健鼎,121,121
3045,台灣大,98.8,98.7
3046,建,39,39
3047,訊舟,11.05,11
3048,益登,31.35,31.35
3049,和鑫,13.3,13.3
3050,鈺德,17.65,17.6
3051,力特,10.9,10.9
3052,夆典,10.6,10.6
3054,立萬利,24.7,24.65
3055,蔚華科,28.65,28.65
3056,總太,40.75,40.65
3057,喬鼎,13.7,13.7
3058,立德,15.75,15.75
3059,華晶科,38.65,38.6
3060,銘異,25.15,25.1
3062,建漢,30.6,30.55
3090,日電貿,55.2,55
3092,鴻碩,52,52
3094,聯傑,34,34
3130,一零四,173.5,173
3138,耀登,218,218
3149,正達,30.75,30.75
3164,景岳,23.7,23.65
3167,大量,94.8,94.8
3189,景碩,230,230
3209,全科,28.9,28.85
3229,晟鈦,6.72,6.66
3231,緯創,29.15,29.1
3257,虹冠電,68,68
3266,昇陽,13.3,13.3
3296,勝德,17.7,17.7
3305,昇貿,77.8,77.7
3308,聯德,8.1,8.1
3311,閎暉,34,34
3312,弘憶股,25.65,--
3321,同泰,13.8,13.75
3338,泰碩,62.2,62.2
3346,麗清,43.25,43.2
3356,奇偶,29.65,29.65
3376,新日興,94.2,94.2
3380,明泰,29.05,29
3383,新世紀,4.04,4
3406,玉晶光,517,517
3413,京鼎,225,225
3416,融程電,78.1,78.1
3419,譁裕,24.85,--
3432,台端,14.1,14.1
3437,榮創,24.2,24.2
3443,創意,595,594
3450,聯鈞,56.2,56.2
3454,晶睿,70.4,70.4
3481,群創,17.65,17.65
3494,誠研,5.02,4.95
3501,維熹,48,48
3504,揚明光,123,123
3515,華擎,246.5,246.5
3518,柏騰,22.55,22.55
3528,安馳,49.95,49.9
3530,晶相光,137.5,137.5
3532,台勝科,257,257
3533,嘉澤,672,668
3535,晶彩科,19.35,19.3
3536,誠創,5.75,5.73
3543,州巧,27.15,27.15
3545,敦泰,166.5,166.5
3550,聯穎,17.7,17.7
3557,嘉威,79.4,79.4
3563,牧德,233.5,233
3576,聯合再生,20.45,20.45
3583,辛耘,79.3,79.3
3588,通嘉,157,157
3591,艾笛森,22.5,22.5
3593,力銘,15.95,15.85
3596,智易,108,107.5
3605,宏致,50.8,50.7
3607,谷崧,14.65,14.65
3617,碩天,69.5,69.5
3622,洋華,29,28.95
3645,達邁,42.7,42.7
3653,健策,441,441
3661,世芯-KY,"1,015.00","1,015.00"
3665,貿聯-KY,250,250
3669,圓展,52.2,52.2
3673,TPK-KY,40.25,40.2
3679,新至陞,83.7,83.4
3682,亞太電,8.22,8.22
3686,達能,15,15
3694,海華,24.05,24.05
3701,大眾控,86.4,86.4
3702,大聯大,50.1,50.1
3702A,大聯大甲特,49.7,49.65
3703,欣陸,25.35,25.3
3704,合勤控,32,32
3705,永信,43.25,43.25
3706,神達,31.7,31.7
3708,上緯投控,90.1,90
3711,日月光投控,105,104.5
3712,永崴投控,30.55,30.55
3714,富采,79.1,79
4104,佳醫,56.9,56.9
4106,雃博,29.5,29.5
4108,懷特,22.6,22.6
4119,旭富,78.2,78.2
4133,亞諾法,42,42
4137,麗豐-KY,244.5,244.5
4141,龍燈-KY,21.55,21.55
4142,國光生,45.25,45.15
4148,全宇生技-KY,41.4,41.35
4155,訊映,23,23
4164,承業醫,37.15,37.05
4190,佐登-KY,--,72.7
4306,炎洲,15,15
4414,如興,7.15,7.14
4426,利勤,20.95,20.9
4438,廣越,140,140
4439,冠星-KY,--,138
4440,宜新實業,46.6,46.55
4526,東台,16.8,16.8
4532,瑞智,19.25,18.9
4536,拓凱,139.5,139
4540,全球傳動,48.1,48.05
4545,銘鈺,27.8,27.65
4551,智伸科,175,175
4552,力達-KY,32.3,32.25
4555,氣立,51.6,51.6
4557,永新-KY,69.3,69.3
4560,強信-KY,42.2,42.2
4562,穎漢,17,16.95
4564,元翎,40,40
4566,時碩工業,44.5,44.4
4571,鈞興-KY,103,103
4572,駐龍,100.5,99.8
4576,大銀微系統,102,102
4581,光隆精密-KY,35.2,35.2
4720,德淵,14.2,14.2
4722,國精化,42.05,42.05
4737,華廣,68.6,68.6
4739,康普,139,139
4746,台耀,55.4,55.3
4755,三福化,81.8,81.8
4763,材料-KY,99.4,98.8
4764,雙鍵,60.4,60.2
4766,南寶,138,138
4807,日成-KY,27.5,27.5
4904,遠傳,63.4,63.2
4906,正文,27.25,27.25
4912,聯德控股-KY,163,163
4915,致伸,53.6,53.6
4916,事欣科,30.85,30.8
4919,新唐,152,152
4927,泰鼎-KY,98.3,98.3
4930,燦星網,25.8,25.75
4934,太極,33.15,33.15
4935,茂林-KY,80.4,80.3
4938,和碩,66.4,66.3
4942,嘉彰,45.7,45.6
4943,康控-KY,37,37
4952,凌通,71.7,71.7
4956,光鋐,26.9,26.85
4958,臻鼎-KY,98,98
4960,誠美材,12.3,12.3
4961,天鈺,254.5,254.5
4967,十銓,45.45,45.45
4968,立積,270,270
4976,佳凌,70.4,70.3
4977,眾達-KY,83.8,83.8
4989,榮科,48.8,48.75
4994,傳奇,52.5,52.5
4999,鑫禾,40.9,40.85
5007,三星,57,56.5
5203,訊連,90.3,90.3
5215,科嘉-KY,78.4,78.4
5222,全訊,201.5,201.5
5225,東科-KY,21.6,21.5
5234,達興材料,116,115.5
5243,乙盛-KY,67.6,67.6
5258,虹堡,33.3,33.15
5269,祥碩,"2,015.00","2,010.00"
5283,禾聯碩,115.5,115.5
5284,jpp-KY,44.4,44
5285,界霖,105.5,105.5
5288,豐祥-KY,141,141
5388,中磊,66.4,66.4
5434,崇越,148.5,148
5469,瀚宇博,44.6,44.6
5471,松翰,94.6,94.5
5484,慧友,15.75,15.7
5515,建國,13.95,13.9
5519,隆大,21.05,21.05
5521,工信,8.39,8.39
5522,遠雄,64.6,64.6
5525,順天,28.7,28.65
5531,鄉林,11.3,11.3
5533,皇鼎,19.05,19
5534,長虹,73,73
5538,東明-KY,51.1,51.1
5546,永固-KY,59.8,59.4
5607,遠雄港,57.6,57.5
5608,四維航,44.05,44.05
5706,鳳凰,42,41.85
5871,中租-KY,253.5,253.5
5871A,中租-KY甲特,101,100.5
5876,上海商銀,47,46.85
5880,合庫金,23.9,23.85
5906,台南-KY,39.45,39.45
5907,大洋-KY,17.8,17.8
6005,群益證,16.2,16.15
6024,群益期,38.5,38.5
6108,競國,21.35,21.35
6112,聚碩,38.7,38.7
6115,鎰勝,42.55,42.55
6116,彩晶,15.55,15.5
6117,迎廣,16.2,16.2
6120,達運,11.05,11
6128,上福,29.2,29.15
6133,金橋,8.62,8.62
6136,富爾特,18.45,18.45
6139,亞翔,28,27.95
6141,柏承,26.65,26.6
6142,友勁,11.1,11.1
6152,百一,11.7,11.7
6153,嘉聯益,24.4,24.4
6155,鈞寶,24.2,24.25
6164,華興,14.45,14.4
6165,浪凡,37.5,37.5
6166,凌華,63.8,63.4
6168,宏齊,27.05,27.05
6176,瑞儀,97.4,97.4
6177,達麗,30.25,30.1
6183,關貿,50.1,50
6184,大豐電,43.75,43.75
6189,豐藝,40.5,40.5
6191,精成科,37.7,37.6
6192,巨路,69.3,69.1
6196,帆宣,152.5,152.5
6197,佳必琪,37.25,37.25
6201,亞弘電,43,43.1
6202,盛群,107,106.5
6205,詮欣,55,55
6206,飛捷,70.7,70.7
6209,今國光,32.55,32.55
6213,聯茂,128,127.5
6214,精誠,86,85.7
6215,和椿,30.95,30.9
6216,居易,26.25,26.25
6224,聚鼎,121.5,121.5
6225,天瀚,6.7,6.7
6226,光鼎,15.2,15.15
6230,尼得科超眾,165,165
6235,華孚,25.15,25.15
6239,力成,98.1,98.1
6243,迅杰,71,71
6251,定穎,22.1,22.05
6257,矽格,59.9,59.8
6269,台郡,103.5,103.5
6271,同欣電,291.5,291.5
6277,宏正,81.1,81.1
6278,台表科,116,116
6281,全國電,82.4,82.3
6282,康舒,32.35,32.35
6283,淳安,46.15,46.15
6285,啟,73.2,73.1
6288,聯嘉,25.3,25.3
6289,華上,2.4,2.37
6405,悅城,28.55,28.55
6409,旭隼,"1,600.00","1,600.00"
6412,群電,74,74
6414,樺漢,238,237.5
6415,矽力-KY,"4,835.00","4,810.00"
6416,瑞祺電通,99.2,99.2
6426,統新,71.8,71.8
6431,光麗-KY,29.2,29.1
6438,迅得,112.5,112.5
6442,光聖,34.5,34.45
6443,元晶,36.05,36.05
6449,鈺邦,56,56
6451,訊芯-KY,96.7,96.6
6456,GIS-KY,104.5,104
6464,台數科,97,96.8
6477,安集,41.5,41.5
6491,晶碩,417.5,417.5
6504,南六,118.5,118.5
6505,台塑化,97,97
6515,穎崴,401,400.5
6525,捷敏-KY,92.4,92.4
6531,愛普*,511,511
6533,晶心科,561,561
6541,泰福-KY,57.5,57.4
6552,易華電,54.3,54.2
6558,興能高,31.8,31.8
6573,虹揚-KY,22.1,22.1
6579,研揚,63.9,63.7
6581,鋼聯,79.6,79.5
6582,申豐,182.5,182.5
6591,動力-KY,54.7,54.2
6592,和潤企業,90.9,90.9
6598,ABC-KY,36.35,36.35
6605,帝寶,58.5,58.5
6625,必應,30.3,30.2
6641,基士德-KY,58.5,58.7
6655,科定,80.8,80.7
6666,羅麗芬-KY,68.3,68
6668,中揚光,52,52
6669,緯穎,"1,020.00","1,015.00"
6670,復盛應用,203,201.5
6671,三能-KY,48.3,47.85
6672,騰輝電子-KY,129.5,129.5
6674,鋐寶科技,29,29
6698,旭暉應材,38.85,38.85
6706,惠特,205.5,205.5
6715,嘉基,110,110
6743,安普新,74.7,74.6
6754,匯僑設計,41.5,41.5
6756,威鋒電子,544,544
6768,志強-KY,65.5,65.3
6776,展眥篕,42.2,42.2
6781,AES-KY,"1,525.00","1,520.00"
6790,永豐實,49,49
6806,森崴能源,90,90
8011,台通,19,19
8016,矽創,298,298
8021,尖點,41.5,41.5
8028,昇陽半導體,49.45,49.4
8033,雷虎,18.25,18.25
8039,台虹,46.7,46.7
8046,南電,590,590
8070,長華*,33.7,33.7
8072,陞泰,23.65,23.65
8081,致新,250.5,250
8101,華冠,2.39,2.39
8103,瀚荃,47.35,47.35
8104,錸寶,54.8,54.8
8105,凌巨,12.5,12.45
8110,華東,18.1,18.1
8112,至上,44.35,44.35
8114,振樺電,108.5,108
8131,福懋科,38.85,38.8
8150,南茂,45.7,45.7
8163,達方,48.65,48.65
8201,無敵,16.9,16.9
8210,勤誠,74.2,74.1
8213,志超,46.7,46.65
8215,明基材,37.75,37.7
8222,寶一,14.45,14.4
8249,菱光,25.1,25.1
8261,富鼎,106.5,106.5
8271,宇瞻,45.7,45.7
8341,日友,199,198.5
8367,建新國際,55,54.9
8374,羅昇,30.25,30.25
8404,百和興業-KY,34.15,34.1
8411,福貞-KY,16.25,16.15
8422,可寧衛,238,237.5
8427,基勝-KY,73.2,73.2
8429,金麗-KY,12.45,12.4
8442,威宏-KY,42.9,42.8
8443,阿瘦,12.1,11.95
8454,富邦媒,"1,630.00","1,630.00"
8462,柏文,138,137
8463,潤泰材,30.3,30.3
8464,億豐,385.5,383.5
8466,美吉吉-KY,52,51.3
8467,波力-KY,40,39.65
8473,山林水,33.3,33.2
8478,東哥遊艇,107.5,107.5
8480,泰昇-KY,104,103.5
8481,政伸,71.7,71.6
8482,商億-KY,71.9,71.9
8488,吉源-KY,--,15.5
8499,鼎炫-KY,122,121.5
8926,台汽電,37.7,37.7
8940,新天地,13,12.95
8996,高力,59.2,59.2
9103,美德醫療-DR,15.6,15.55
910322,康師傅-DR,27.75,26.95
9105,泰金寶-DR,4.28,4.27
910861,神州-DR,7.22,7.2
9110,越南控-DR,2.94,2.92
911608,明輝-DR,3.69,3.64
911622,泰聚亨-DR,5.99,5.99
911868,同方友友-DR,1.29,1.28
912000,晨訊科-DR,2.75,2.74
9136,巨騰-DR,5.85,5.85
9188,精熙-DR,2.96,2.96
9802,鈺齊-KY,96.8,96.7
9902,台火,13,13
9904,寶成,32.5,32.5
9905,大華,26.15,26.15
9906,欣巴巴,54.4,54.4
9907,統一實,12.95,12.95
9908,大台北,33.25,33.15
9910,豐泰,202,202
9911,櫻花,67.9,67.8
9912,偉聯,9,8.91
9914,美利達,300,299.5
9917,中保科,102,102
9918,欣天然,42.8,42.8
9919,康那香,26.1,26.05
9921,巨大,317,314.5
9924,福興,40.9,40.9
9925,新保,39.15,39.15
9926,新海,48.35,48.35
9928,中視,6,6
9929,秋雨,9.38,9.38
9930,中聯資源,44.5,44.45
9931,欣高,39.5,39.2
9933,中鼎,35.85,35.85
9934,成霖,14.9,14.8
9935,慶豐富,20,19.8
9937,全國,48.6,48.6
9938,百和,77.6,77.6
9939,宏全,67.4,67.4
9940,信義,32.9,32.85
9941,裕融,171.5,171.5
9941A,裕融甲特,51.2,51
9942,茂順,85.8,85.8
9943,好樂迪,60.1,60.1
9944,新麗,23.5,23.45
9945,潤泰新,63.7,63.7
9946,三發地產,15.3,15.25
9955,佳龍,17.05,16.95
9958,世紀鋼,110,110
